max_entropy,suspicious_headers,total_header_len,frame_len,ratio,is_malicious
5.121763790828989,6,420,71,5.915492957746479,1
0,0,0,0,0,0
4.895754310468683,6,388,73,5.315068493150685,1
0,0,0,0,0,0
5.356117996388651,3,290,43,6.744186046511628,1
0,0,0,0,0,0
4.494034834541984,2,146,51,2.8627450980392157,0
0,0,0,0,0,0
